Frequency(Hz),Return Loss(dB),Phase(deg),Rs,SWR,Xs,|Z|,Theta
20000000,-1.3,-109.01,5.6,13.34,-35.4,35.8,-80.9
20176990,-1.31,-109.57,5.6,13.3,-35,35.4,-80.9
20353980,-1.32,-109.94,5.6,13.19,-34.7,35.2,-80.8
20530972,-1.31,-110.54,5.6,13.24,-34.4,34.8,-80.8
20707962,-1.31,-111.03,5.5,13.3,-34.1,34.5,-80.8
20884952,-1.31,-111.54,5.5,13.29,-33.7,34.2,-80.8
21061944,-1.31,-111.96,5.5,13.28,-33.5,33.9,-80.7
21238934,-1.3,-112.5,5.4,13.4,-33.1,33.6,-80.8
21415924,-1.3,-112.99,5.4,13.35,-32.8,33.3,-80.7
21592916,-1.3,-113.4,5.3,13.44,-32.6,33,-80.7
21769906,-1.29,-113.96,5.3,13.46,-32.2,32.7,-80.7
21946896,-1.31,-114.38,5.3,13.3,-32,32.4,-80.6
22123888,-1.3,-114.91,5.3,13.37,-31.7,32.1,-80.6
22300878,-1.3,-115.37,5.2,13.39,-31.4,31.8,-80.6
22477868,-1.31,-115.83,5.2,13.27,-31.1,31.5,-80.4
22654860,-1.3,-116.26,5.2,13.37,-30.8,31.3,-80.5
22831850,-1.31,-116.75,5.2,13.33,-30.6,31,-80.4
23008840,-1.3,-117.2,5.1,13.35,-30.3,30.7,-80.4
23185832,-1.29,-117.61,5.1,13.5,-30,30.5,-80.5
23362822,-1.29,-118.03,5,13.45,-29.8,30.2,-80.4
23539812,-1.29,-118.47,5,13.44,-29.5,30,-80.3
23716804,-1.3,-118.82,5,13.38,-29.3,29.8,-80.3
23893794,-1.31,-119.32,5,13.33,-29,29.5,-80.2
24070784,-1.29,-119.73,5,13.45,-28.8,29.2,-80.2
24247776,-1.28,-120.3,4.9,13.6,-28.5,28.9,-80.3
24424766,-1.31,-120.65,5,13.33,-28.3,28.7,-80.1
24601756,-1.3,-120.91,4.9,13.39,-28.1,28.6,-80.1
24778748,-1.32,-121.42,5,13.22,-27.8,28.3,-79.9
24955738,-1.3,-121.71,4.9,13.37,-27.7,28.1,-80
25132728,-1.31,-122.13,4.9,13.31,-27.4,27.9,-79.9
25309720,-1.3,-122.59,4.9,13.38,-27.2,27.6,-79.9
25486710,-1.3,-122.93,4.8,13.42,-27,27.4,-79.9
25663700,-1.3,-123.4,4.8,13.43,-26.7,27.2,-79.8
25840692,-1.3,-123.67,4.8,13.41,-26.6,27,-79.8
26017682,-1.29,-124.15,4.7,13.47,-26.3,26.7,-79.8
26194672,-1.3,-124.56,4.8,13.34,-26.1,26.5,-79.6
26371664,-1.31,-125.01,4.8,13.28,-25.8,26.3,-79.5
26548654,-1.31,-125.3,4.8,13.29,-25.7,26.1,-79.5
26725644,-1.29,-125.75,4.7,13.49,-25.4,25.9,-79.6
26902636,-1.29,-126.15,4.7,13.49,-25.2,25.6,-79.5
27079626,-1.31,-126.52,4.7,13.3,-25,25.5,-79.3
27256616,-1.3,-126.9,4.7,13.35,-24.8,25.2,-79.3
27433608,-1.31,-127.24,4.7,13.26,-24.6,25.1,-79.2
27610598,-1.3,-127.51,4.6,13.36,-24.5,24.9,-79.3
27787588,-1.31,-127.89,4.6,13.31,-24.3,24.7,-79.2
27964580,-1.3,-128.22,4.6,13.37,-24.1,24.5,-79.2
28141570,-1.29,-128.61,4.6,13.46,-23.9,24.3,-79.2
28318560,-1.29,-129.02,4.5,13.52,-23.7,24.1,-79.2
28495552,-1.29,-129.42,4.5,13.45,-23.5,23.9,-79
28672542,-1.29,-129.74,4.5,13.5,-23.3,23.7,-79
28849532,-1.29,-130.1,4.5,13.47,-23.1,23.5,-79
29026524,-1.28,-130.47,4.5,13.56,-22.9,23.3,-79
29203514,-1.29,-130.89,4.5,13.46,-22.7,23.1,-78.8
29380504,-1.29,-131.26,4.5,13.48,-22.5,22.9,-78.8
29557496,-1.3,-131.69,4.5,13.38,-22.3,22.7,-78.6
29734486,-1.29,-132.06,4.4,13.47,-22.1,22.5,-78.6
29911476,-1.29,-132.41,4.4,13.49,-21.9,22.3,-78.6
30088468,-1.3,-132.78,4.4,13.38,-21.7,22.2,-78.4
30265458,-1.31,-133.17,4.5,13.24,-21.5,22,-78.2
30442448,-1.3,-133.64,4.4,13.36,-21.3,21.7,-78.2
30619440,-1.3,-134.04,4.4,13.34,-21.1,21.5,-78.2
30796430,-1.32,-134.51,4.4,13.2,-20.8,21.3,-77.9
30973420,-1.33,-134.88,4.5,13.05,-20.6,21.1,-77.7
31150412,-1.35,-135.28,4.5,12.92,-20.4,20.9,-77.5
31327402,-1.36,-135.76,4.6,12.77,-20.2,20.7,-77.3
31504392,-1.38,-136.22,4.6,12.66,-19.9,20.5,-77.1
31681384,-1.38,-136.67,4.6,12.61,-19.7,20.2,-76.9
31858374,-1.43,-137.2,4.7,12.15,-19.4,20,-76.3
32035364,-1.5,-137.73,5,11.59,-19.2,19.8,-75.5
32212356,-1.55,-138.26,5.1,11.25,-18.9,19.6,-74.9
32389346,-1.63,-138.39,5.4,10.67,-18.8,19.6,-74.1
32566336,-1.71,-138.51,5.6,10.2,-18.7,19.5,-73.4
32743328,-1.79,-138.72,5.8,9.75,-18.6,19.5,-72.6
32920318,-1.85,-138.79,6,9.45,-18.6,19.5,-72
33097308,-1.91,-138.8,6.2,9.15,-18.5,19.6,-71.4
33274300,-1.96,-138.88,6.4,8.9,-18.5,19.6,-70.9
33451290,-2.06,-138.41,6.7,8.47,-18.7,19.9,-70.2
33628280,-2.14,-138.11,7,8.16,-18.8,20.1,-69.6
33805272,-2.24,-137.73,7.3,7.81,-19,20.3,-68.8
33982262,-2.18,-137.11,7.2,8,-19.3,20.6,-69.5
34159252,-2.12,-136.41,7,8.25,-19.7,20.9,-70.4
34336244,-2.06,-135.74,6.9,8.48,-20,21.1,-71.1
34513234,-1.95,-135.55,6.5,8.94,-20.1,21.2,-72.1
34690224,-1.83,-135.27,6.1,9.54,-20.3,21.2,-73.2
34867216,-1.73,-134.95,5.8,10.05,-20.5,21.3,-74.2
35044206,-1.62,-135.5,5.4,10.75,-20.2,21,-75
35221196,-1.54,-136.07,5.1,11.29,-20,20.6,-75.6
35398188,-1.43,-136.59,4.8,12.15,-19.7,20.3,-76.4
35575178,-1.41,-137.11,4.7,12.31,-19.5,20,-76.5
35752168,-1.38,-137.53,4.5,12.65,-19.3,19.8,-76.7
35929160,-1.35,-138.14,4.4,12.9,-19,19.5,-76.8
36106150,-1.34,-138.61,4.4,13.02,-18.8,19.3,-76.8
36283140,-1.34,-139.07,4.4,13.03,-18.5,19,-76.7
36460132,-1.33,-139.41,4.3,13.1,-18.4,18.9,-76.7
36637122,-1.32,-139.83,4.3,13.21,-18.2,18.7,-76.7
36814112,-1.32,-140.16,4.3,13.22,-18,18.5,-76.6
36991104,-1.31,-140.59,4.2,13.28,-17.8,18.3,-76.6
37168094,-1.31,-140.92,4.2,13.27,-17.6,18.1,-76.5
37345084,-1.31,-141.2,4.2,13.3,-17.5,18,-76.4
37522076,-1.29,-141.53,4.1,13.53,-17.3,17.8,-76.6
37699066,-1.3,-141.83,4.2,13.44,-17.2,17.7,-76.4
37876056,-1.31,-142.12,4.2,13.29,-17,17.6,-76.2
38053048,-1.29,-142.52,4.1,13.49,-16.9,17.4,-76.2
38230038,-1.3,-142.76,4.1,13.42,-16.7,17.2,-76.1
38407028,-1.31,-143.03,4.2,13.33,-16.6,17.1,-75.9
38584020,-1.3,-143.27,4.1,13.38,-16.5,17,-75.9
38761010,-1.3,-143.56,4.1,13.37,-16.4,16.9,-75.8
38938000,-1.31,-143.82,4.1,13.34,-16.2,16.8,-75.7
39114992,-1.3,-144.03,4.1,13.43,-16.1,16.6,-75.7
39291982,-1.3,-144.26,4.1,13.4,-16,16.5,-75.6
39468972,-1.3,-144.6,4.1,13.43,-15.9,16.4,-75.5
39645964,-1.3,-144.94,4.1,13.43,-15.7,16.2,-75.4
39822954,-1.29,-145.15,4.1,13.47,-15.6,16.1,-75.4
39999944,-1.29,-145.42,4.1,13.47,-15.5,16,-75.3
40176936,-1.3,-145.66,4.1,13.4,-15.4,15.9,-75.1
40353926,-1.3,-145.91,4.1,13.4,-15.2,15.8,-75
40530916,-1.3,-146.22,4.1,13.37,-15.1,15.6,-74.9
40707908,-1.3,-146.47,4.1,13.36,-15,15.5,-74.8
40884898,-1.3,-146.76,4.1,13.36,-14.8,15.4,-74.6
41061888,-1.31,-147.01,4.1,13.31,-14.7,15.3,-74.5
41238880,-1.3,-147.18,4.1,13.36,-14.6,15.2,-74.5
41415870,-1.3,-147.37,4.1,13.39,-14.5,15.1,-74.4
41592860,-1.31,-147.67,4.1,13.24,-14.4,15,-74.1
41769852,-1.29,-147.92,4,13.45,-14.3,14.8,-74.3
41946842,-1.3,-148.19,4.1,13.34,-14.2,14.7,-74
42123832,-1.3,-148.4,4,13.37,-14.1,14.6,-74
42300824,-1.3,-148.62,4,13.42,-14,14.5,-74
42477814,-1.31,-148.81,4,13.32,-13.9,14.4,-73.7
42654804,-1.31,-149.12,4,13.33,-13.7,14.3,-73.6
42831796,-1.29,-149.28,4,13.46,-13.7,14.2,-73.7
43008786,-1.31,-149.58,4.1,13.25,-13.5,14.1,-73.3
43185776,-1.31,-149.82,4.1,13.24,-13.4,14,-73.2
43362768,-1.31,-150.05,4,13.29,-13.3,13.9,-73.1
43539758,-1.31,-150.3,4,13.28,-13.2,13.8,-73
43716748,-1.32,-150.48,4.1,13.18,-13.1,13.7,-72.8
43893740,-1.31,-150.83,4,13.27,-12.9,13.5,-72.7
44070730,-1.31,-151.04,4,13.26,-12.8,13.4,-72.6
44247720,-1.32,-151.21,4.1,13.14,-12.8,13.4,-72.4
44424712,-1.32,-151.54,4,13.19,-12.6,13.2,-72.2
44601702,-1.32,-151.72,4,13.14,-12.5,13.2,-72.1
44778692,-1.33,-151.93,4.1,13.06,-12.4,13.1,-71.9
44955684,-1.32,-152.14,4,13.18,-12.3,13,-71.9
45132674,-1.33,-152.41,4,13.09,-12.2,12.9,-71.6
45309664,-1.33,-152.68,4.1,13.04,-12.1,12.7,-71.4
45486656,-1.33,-152.94,4,13.06,-12,12.6,-71.3
45663646,-1.34,-153.21,4.1,12.98,-11.8,12.5,-71
45840636,-1.34,-153.49,4.1,12.94,-11.7,12.4,-70.8
46017628,-1.37,-153.76,4.1,12.73,-11.6,12.3,-70.3
46194618,-1.35,-154.01,4.1,12.86,-11.5,12.2,-70.4
46371608,-1.35,-154.28,4.1,12.87,-11.3,12.1,-70.2
46548600,-1.36,-154.49,4.1,12.76,-11.2,12,-69.9
46725590,-1.36,-154.72,4.1,12.77,-11.1,11.9,-69.7
46902580,-1.38,-155.03,4.2,12.59,-11,11.8,-69.3
47079572,-1.38,-155.32,4.1,12.64,-10.9,11.6,-69.1
47256562,-1.38,-155.66,4.1,12.62,-10.7,11.5,-68.8
47433552,-1.39,-155.97,4.2,12.51,-10.6,11.4,-68.4
47610544,-1.39,-156.32,4.2,12.48,-10.4,11.2,-68.1
47787534,-1.41,-156.57,4.2,12.32,-10.3,11.1,-67.7
47964524,-1.43,-156.81,4.3,12.2,-10.2,11,-67.3
48141516,-1.45,-157.17,4.3,12.05,-10,10.9,-66.7
48318506,-1.47,-157.45,4.4,11.84,-9.9,10.8,-66.1
48495496,-1.5,-157.79,4.5,11.64,-9.7,10.7,-65.4
48672488,-1.52,-158.08,4.5,11.45,-9.6,10.6,-64.8
48849478,-1.57,-158.34,4.7,11.11,-9.5,10.6,-63.8
49026468,-1.61,-158.61,4.8,10.83,-9.4,10.5,-62.9
49203460,-1.64,-158.96,4.9,10.62,-9.2,10.4,-62.1
49380450,-1.68,-159.02,5,10.35,-9.2,10.4,-61.4
49557440,-1.73,-159.26,5.1,10.08,-9.1,10.4,-60.5
49734432,-1.76,-159.34,5.2,9.88,-9,10.4,-59.9
49911422,-1.8,-159.54,5.3,9.68,-8.9,10.4,-59.1
50088412,-1.82,-159.63,5.4,9.56,-8.9,10.4,-58.7
50265404,-1.86,-159.7,5.5,9.4,-8.8,10.4,-58.2
50442394,-1.89,-159.83,5.6,9.23,-8.8,10.4,-57.5
50619384,-1.93,-159.92,5.7,9.05,-8.7,10.4,-56.9
50796376,-1.96,-160.05,5.8,8.92,-8.7,10.4,-56.3
50973366,-2.02,-160.21,6,8.65,-8.6,10.5,-55.3
51150356,-2.07,-160.35,6.1,8.44,-8.5,10.5,-54.4
51327348,-2.12,-160.44,6.3,8.23,-8.5,10.5,-53.6
51504338,-2.2,-160.44,6.5,7.95,-8.5,10.7,-52.6
51681328,-2.27,-160.36,6.7,7.71,-8.5,10.8,-51.9
51858320,-2.33,-160.26,6.9,7.49,-8.5,11,-51.2
52035310,-2.39,-159.77,7,7.33,-8.7,11.2,-51.2
52212300,-2.45,-159.24,7.2,7.15,-9,11.5,-51.1
52389292,-2.49,-158.73,7.4,7.02,-9.2,11.8,-51.3
52566282,-2.47,-158.22,7.3,7.07,-9.4,11.9,-52.1
52743272,-2.46,-157.69,7.3,7.11,-9.7,12.1,-52.9
52920264,-2.44,-156.98,7.3,7.17,-10,12.3,-54
53097254,-2.39,-156.54,7.1,7.31,-10.2,12.4,-55
53274244,-2.36,-156.1,7,7.42,-10.4,12.5,-55.9
53451236,-2.31,-155.66,6.9,7.55,-10.6,12.6,-56.8
53628226,-2.21,-155.31,6.6,7.89,-10.8,12.6,-58.3
53805216,-2.12,-154.9,6.4,8.25,-11,12.7,-59.9
53982208,-2.02,-154.57,6.1,8.64,-11.1,12.7,-61.3
54159198,-1.92,-154.85,5.8,9.11,-11,12.4,-62.4
54336188,-1.83,-155.06,5.5,9.55,-10.9,12.2,-63.3
54513180,-1.72,-155.28,5.2,10.13,-10.8,12,-64.5
54690170,-1.66,-155.72,5,10.47,-10.7,11.8,-64.9
54867160,-1.63,-156.2,4.9,10.71,-10.4,11.5,-65
55044152,-1.56,-156.62,4.7,11.17,-10.3,11.3,-65.5
55221142,-1.53,-157.03,4.6,11.35,-10.1,11.1,-65.5
55398132,-1.5,-157.45,4.5,11.59,-9.9,10.9,-65.6
55575124,-1.48,-157.83,4.4,11.78,-9.7,10.7,-65.6
55752114,-1.46,-158.14,4.4,11.91,-9.6,10.5,-65.6
55929104,-1.45,-158.43,4.3,12.03,-9.5,10.4,-65.5
56106096,-1.43,-158.77,4.3,12.16,-9.3,10.2,-65.4
56283086,-1.42,-159.09,4.2,12.3,-9.2,10.1,-65.4
56460076,-1.42,-159.45,4.2,12.24,-9,9.9,-64.9
56637068,-1.42,-159.79,4.2,12.27,-8.8,9.8,-64.6
56814058,-1.41,-160.07,4.2,12.32,-8.7,9.7,-64.4
56991048,-1.41,-160.35,4.2,12.35,-8.6,9.6,-64.1
57168040,-1.41,-160.62,4.2,12.38,-8.5,9.4,-63.9
57345030,-1.4,-160.93,4.1,12.43,-8.3,9.3,-63.6
57522020,-1.4,-161.1,4.1,12.45,-8.3,9.2,-63.5
57699012,-1.39,-161.3,4.1,12.55,-8.2,9.1,-63.4
57876002,-1.39,-161.59,4.1,12.5,-8,9,-63
58052992,-1.39,-161.85,4.1,12.55,-7.9,8.9,-62.8
58229984,-1.39,-162.09,4.1,12.52,-7.8,8.8,-62.4
58406974,-1.38,-162.27,4.1,12.57,-7.7,8.8,-62.3
58583964,-1.39,-162.48,4.1,12.48,-7.7,8.7,-61.8
58760956,-1.39,-162.74,4.1,12.53,-7.5,8.6,-61.6
58937946,-1.39,-163.02,4.1,12.51,-7.4,8.5,-61.2
59114936,-1.39,-163.25,4.1,12.54,-7.3,8.4,-60.9
59291928,-1.38,-163.5,4.1,12.59,-7.2,8.3,-60.6
59468918,-1.38,-163.75,4,12.6,-7.1,8.2,-60.3
59645908,-1.38,-163.93,4,12.63,-7,8.1,-60.1
59822900,-1.38,-164.17,4,12.63,-6.9,8,-59.7
59999890,-1.38,-164.38,4,12.64,-6.8,7.9,-59.4
60176880,-1.38,-164.62,4,12.58,-6.7,7.8,-58.9
60353872,-1.39,-164.84,4,12.56,-6.6,7.8,-58.5
60530862,-1.39,-165.01,4.1,12.53,-6.5,7.7,-58.2
60707852,-1.39,-165.22,4.1,12.52,-6.4,7.6,-57.8
60884844,-1.39,-165.46,4.1,12.5,-6.3,7.5,-57.3
61061834,-1.4,-165.73,4.1,12.47,-6.2,7.4,-56.8
61238824,-1.38,-166.01,4,12.59,-6.1,7.3,-56.5
61415816,-1.39,-166.28,4,12.54,-6,7.2,-55.9
61592806,-1.4,-166.51,4.1,12.48,-5.9,7.1,-55.3
61769796,-1.4,-166.72,4.1,12.4,-5.8,7.1,-54.7
61946788,-1.4,-167.01,4.1,12.42,-5.7,7,-54.2
62123778,-1.42,-167.23,4.1,12.27,-5.6,6.9,-53.4
62300768,-1.42,-167.49,4.1,12.29,-5.4,6.8,-52.9
62477760,-1.42,-167.78,4.1,12.23,-5.3,6.7,-52.1
62654750,-1.44,-168.03,4.2,12.11,-5.2,6.7,-51.3
62831740,-1.44,-168.21,4.2,12.12,-5.1,6.6,-50.9
63008732,-1.44,-168.51,4.2,12.09,-5,6.5,-50.1
63185722,-1.47,-168.71,4.3,11.85,-4.9,6.5,-49
63362712,-1.49,-168.97,4.3,11.68,-4.8,6.5,-48
63539704,-1.51,-169.26,4.4,11.51,-4.7,6.4,-46.8
63716694,-1.53,-169.5,4.4,11.37,-4.6,6.4,-45.8
63893684,-1.55,-169.68,4.5,11.25,-4.5,6.3,-45
64070676,-1.57,-169.93,4.5,11.11,-4.4,6.3,-43.9
64247666,-1.58,-170.05,4.6,11.01,-4.3,6.3,-43.3
64424656,-1.62,-170.19,4.7,10.76,-4.3,6.3,-42.3
64601648,-1.64,-170.31,4.7,10.65,-4.2,6.3,-41.6
64778638,-1.65,-170.5,4.8,10.56,-4.1,6.3,-40.8
64955628,-1.66,-170.59,4.8,10.48,-4.1,6.3,-40.3
65132620,-1.68,-170.81,4.9,10.35,-4,6.3,-39.3
65309610,-1.69,-170.9,4.9,10.3,-3.9,6.3,-38.9
65486600,-1.71,-171.06,4.9,10.19,-3.9,6.3,-38.1
65663592,-1.72,-171.16,5,10.15,-3.8,6.3,-37.7
65840582,-1.74,-171.32,5,10.03,-3.8,6.3,-36.8
66017572,-1.75,-171.49,5.1,9.95,-3.7,6.3,-36.1
66194564,-1.77,-171.7,5.1,9.86,-3.6,6.2,-35.2
66371554,-1.79,-171.89,5.2,9.74,-3.5,6.2,-34.2
66548544,-1.82,-172.05,5.2,9.6,-3.4,6.3,-33.3
66725536,-1.83,-172.25,5.3,9.54,-3.3,6.2,-32.5
66902526,-1.86,-172.35,5.3,9.4,-3.3,6.3,-31.7
67079516,-1.89,-172.4,5.4,9.25,-3.3,6.3,-31.2
67256508,-1.91,-172.49,5.5,9.13,-3.2,6.4,-30.5
67433498,-1.95,-172.66,5.6,8.95,-3.2,6.4,-29.5
67610488,-1.98,-172.85,5.7,8.81,-3.1,6.5,-28.4
67787480,-2.01,-173.02,5.8,8.7,-3,6.5,-27.6
67964470,-2.04,-173.07,5.9,8.54,-3,6.6,-26.9
68141460,-2.07,-173.15,6,8.41,-3,6.7,-26.3
68318452,-2.11,-173.25,6.1,8.28,-2.9,6.7,-25.6
68495442,-2.15,-173.17,6.2,8.12,-2.9,6.8,-25.4
68672432,-2.19,-173.13,6.3,7.97,-3,7,-25.1
68849424,-2.23,-173.09,6.4,7.83,-3,7.1,-24.9
69026414,-2.27,-172.97,6.5,7.71,-3,7.2,-24.9
69203404,-2.3,-172.89,6.6,7.58,-3.1,7.3,-24.8
69380396,-2.33,-172.78,6.7,7.5,-3.1,7.4,-24.8
69557386,-2.35,-172.6,6.7,7.45,-3.2,7.5,-25.2
69734376,-2.38,-172.46,6.8,7.35,-3.2,7.6,-25.3
69911368,-2.4,-172.22,6.9,7.28,-3.3,7.7,-25.8
70088358,-2.41,-172,6.9,7.25,-3.4,7.7,-26.3
70265348,-2.42,-171.82,6.9,7.24,-3.5,7.8,-26.8
70442340,-2.43,-171.61,7,7.2,-3.6,7.9,-27.3
70619330,-2.43,-171.39,7,7.18,-3.7,7.9,-27.8
70796320,-2.43,-171.16,7,7.19,-3.8,8,-28.5
70973312,-2.43,-170.91,7,7.21,-3.9,8,-29.2
71150302,-2.41,-170.7,7,7.24,-4,8,-29.8
71327292,-2.41,-170.5,6.9,7.26,-4.1,8,-30.5
71504284,-2.4,-170.23,6.9,7.3,-4.2,8.1,-31.3
71681274,-2.36,-169.97,6.8,7.41,-4.3,8,-32.4
71858264,-2.34,-169.65,6.7,7.48,-4.4,8.1,-33.4
72035256,-2.3,-169.33,6.6,7.6,-4.6,8.1,-34.7
72212246,-2.24,-169.16,6.5,7.79,-4.7,8,-35.8
72389236,-2.19,-169.07,6.3,7.97,-4.7,7.9,-36.6
72566228,-2.13,-168.93,6.2,8.19,-4.8,7.8,-37.8
72743218,-2.06,-168.92,6,8.46,-4.8,7.6,-38.7
72920208,-2,-169.01,5.8,8.74,-4.7,7.5,-39.4
73097200,-1.93,-169.08,5.6,9.04,-4.7,7.3,-40.2
73274190,-1.88,-169.26,5.4,9.29,-4.6,7.1,-40.6
73451180,-1.81,-169.39,5.2,9.62,-4.6,7,-41.2
73628172,-1.77,-169.53,5.1,9.85,-4.5,6.8,-41.5
73805162,-1.73,-169.83,5,10.09,-4.4,6.7,-41.4
73982152,-1.68,-170.17,4.9,10.36,-4.3,6.5,-41.2
74159144,-1.63,-170.41,4.7,10.66,-4.2,6.3,-41.3
74336134,-1.61,-170.73,4.6,10.82,-4,6.1,-40.8
74513124,-1.59,-170.94,4.6,10.94,-3.9,6.1,-40.5
74690116,-1.56,-171.23,4.5,11.19,-3.8,5.9,-40.2
74867106,-1.54,-171.51,4.4,11.32,-3.7,5.8,-39.6
75044096,-1.52,-171.84,4.4,11.43,-3.5,5.6,-38.8
75221088,-1.49,-172.15,4.3,11.66,-3.4,5.5,-38.3
75398078,-1.49,-172.41,4.3,11.68,-3.3,5.4,-37.5
75575068,-1.48,-172.63,4.3,11.75,-3.2,5.3,-36.8
75752060,-1.47,-172.9,4.2,11.83,-3.1,5.2,-36
75929050,-1.46,-173.16,4.2,11.93,-3,5.1,-35.2
76106040,-1.45,-173.37,4.2,12,-2.9,5.1,-34.5
76283032,-1.44,-173.66,4.1,12.09,-2.8,5,-33.5
76460022,-1.44,-173.93,4.1,12.12,-2.6,4.9,-32.5
76637012,-1.42,-174.16,4.1,12.25,-2.5,4.8,-31.8
76814004,-1.42,-174.42,4.1,12.26,-2.4,4.8,-30.6
76990994,-1.42,-174.62,4.1,12.28,-2.3,4.7,-29.7
77167984,-1.42,-174.89,4.1,12.3,-2.2,4.6,-28.6
77344976,-1.41,-175.1,4.1,12.34,-2.1,4.6,-27.6
77521966,-1.4,-175.35,4,12.4,-2,4.5,-26.5
77698956,-1.4,-175.59,4,12.46,-1.9,4.4,-25.5
77875948,-1.38,-175.77,4,12.57,-1.8,4.4,-24.7
78052938,-1.39,-176,4,12.54,-1.7,4.4,-23.5
78229928,-1.39,-176.23,4,12.52,-1.6,4.3,-22.3
78406920,-1.4,-176.51,4,12.42,-1.5,4.3,-20.6
78583910,-1.4,-176.68,4,12.42,-1.4,4.3,-19.6
78760900,-1.4,-176.91,4,12.44,-1.3,4.2,-18.4
78937892,-1.39,-177.09,4,12.49,-1.3,4.2,-17.5
79114882,-1.41,-177.38,4,12.39,-1.1,4.2,-15.7
79291872,-1.4,-177.56,4,12.4,-1.1,4.2,-14.7
79468864,-1.41,-177.8,4.1,12.33,-1,4.2,-13.2
79645854,-1.42,-178.02,4.1,12.29,-0.9,4.2,-11.9
79822844,-1.41,-178.28,4.1,12.31,-0.7,4.1,-10.4
79999836,-1.42,-178.5,4.1,12.23,-0.6,4.1,-9
80176826,-1.44,-178.76,4.1,12.09,-0.5,4.2,-7.4
80353816,-1.45,-178.96,4.2,12.03,-0.4,4.2,-6.2
80530808,-1.47,-179.2,4.2,11.86,-0.3,4.2,-4.7
80707798,-1.48,-179.35,4.2,11.79,-0.3,4.2,-3.8
80884788,-1.49,-179.52,4.3,11.67,-0.2,4.3,-2.8
81061780,-1.5,-179.74,4.3,11.61,-0.1,4.3,-1.5
81238770,-1.52,-179.95,4.4,11.48,0,4.4,-0.3
81415760,-1.53,179.97,4.4,11.42,0,4.4,0.1
81592752,-1.53,179.81,4.4,11.37,0.1,4.4,1
81769742,-1.55,179.6,4.5,11.23,0.2,4.5,2.2
81946732,-1.56,179.46,4.5,11.17,0.2,4.5,3
82123724,-1.58,179.28,4.5,11.03,0.3,4.5,3.9
82300714,-1.6,179.13,4.6,10.87,0.4,4.6,4.7
82477704,-1.61,178.92,4.6,10.8,0.5,4.7,5.7
82654696,-1.64,178.73,4.7,10.63,0.5,4.7,6.6
82831686,-1.65,178.61,4.7,10.59,0.6,4.8,7.3
83008676,-1.66,178.49,4.8,10.5,0.7,4.8,7.8
83185668,-1.68,178.31,4.8,10.37,0.7,4.9,8.6
83362658,-1.7,178.12,4.9,10.24,0.8,4.9,9.5
83539648,-1.73,177.98,5,10.08,0.9,5,10
83716640,-1.76,177.82,5,9.92,0.9,5.1,10.6
83893630,-1.78,177.75,5.1,9.79,1,5.2,10.7
84070620,-1.81,177.63,5.2,9.64,1,5.3,11.1
84247612,-1.83,177.55,5.2,9.53,1.1,5.4,11.4
84424602,-1.87,177.47,5.4,9.35,1.1,5.5,11.5
84601592,-1.89,177.49,5.4,9.24,1.1,5.5,11.3
84778584,-1.91,177.4,5.5,9.14,1.1,5.6,11.6
84955574,-1.94,177.44,5.6,8.98,1.1,5.7,11.2
85132564,-1.96,177.45,5.6,8.89,1.1,5.7,11
85309556,-1.99,177.46,5.7,8.78,1.1,5.8,10.8
85486546,-2.01,177.5,5.8,8.69,1.1,5.9,10.6
85663536,-2.03,177.44,5.8,8.58,1.1,5.9,10.7
85840528,-2.04,177.48,5.9,8.54,1.1,6,10.5
86017518,-2.07,177.59,5.9,8.43,1,6,9.9
86194508,-2.09,177.65,6,8.37,1,6.1,9.6
86371500,-2.1,177.76,6,8.31,1,6.1,9.1
86548490,-2.1,177.85,6,8.3,0.9,6.1,8.7
86725480,-2.11,177.92,6.1,8.26,0.9,6.1,8.4
86902472,-2.12,178.02,6.1,8.25,0.9,6.1,8
87079462,-2.12,178.04,6.1,8.22,0.8,6.1,7.9
87256452,-2.13,178.1,6.1,8.19,0.8,6.2,7.6
87433444,-2.14,178.17,6.1,8.16,0.8,6.2,7.3
87610434,-2.13,178.34,6.1,8.19,0.7,6.1,6.7
87787424,-2.14,178.39,6.1,8.16,0.7,6.2,6.4
87964416,-2.14,178.45,6.1,8.16,0.7,6.2,6.2
88141406,-2.14,178.62,6.1,8.17,0.6,6.1,5.5
88318396,-2.11,178.67,6.1,8.25,0.6,6.1,5.4
88495388,-2.11,178.84,6.1,8.26,0.5,6.1,4.7
88672378,-2.09,178.97,6,8.37,0.4,6,4.2
88849368,-2.08,179.01,6,8.4,0.4,6,4.1
89026360,-2.06,179.06,5.9,8.46,0.4,5.9,3.9
89203350,-2.03,179.14,5.8,8.6,0.4,5.8,3.7
89380340,-2,179.24,5.7,8.7,0.3,5.8,3.3
89557332,-1.98,179.28,5.7,8.8,0.3,5.7,3.1
89734322,-1.95,179.25,5.6,8.93,0.3,5.6,3.3
89911312,-1.92,179.22,5.5,9.1,0.3,5.5,3.5
90088304,-1.89,179.21,5.4,9.23,0.3,5.4,3.6
90265294,-1.86,179.16,5.3,9.39,0.4,5.3,3.9
90442284,-1.82,179.15,5.2,9.56,0.4,5.2,4
90619276,-1.8,179.09,5.2,9.68,0.4,5.2,4.4
90796266,-1.77,178.93,5.1,9.84,0.5,5.1,5.2
90973256,-1.74,178.83,5,10,0.5,5,5.7
91150248,-1.71,178.72,4.9,10.22,0.6,4.9,6.4
91327238,-1.68,178.58,4.8,10.34,0.6,4.9,7.3
91504228,-1.66,178.45,4.8,10.5,0.7,4.8,8
91681220,-1.64,178.3,4.7,10.64,0.7,4.8,8.9
91858210,-1.61,178.11,4.6,10.83,0.8,4.7,10.1
92035200,-1.59,177.97,4.6,10.94,0.9,4.7,10.9
92212192,-1.56,177.78,4.5,11.16,1,4.6,12.1
92389182,-1.55,177.57,4.4,11.27,1.1,4.6,13.3
92566172,-1.53,177.4,4.4,11.4,1.1,4.5,14.4
92743164,-1.51,177.23,4.3,11.5,1.2,4.5,15.4
92920154,-1.5,177.05,4.3,11.61,1.3,4.5,16.5
93097144,-1.49,176.88,4.3,11.68,1.4,4.5,17.5
93274136,-1.48,176.74,4.2,11.79,1.4,4.5,18.4
93451126,-1.46,176.51,4.2,11.9,1.5,4.5,19.8
93628116,-1.45,176.3,4.2,11.98,1.6,4.5,21
93805108,-1.44,176.03,4.1,12.07,1.7,4.5,22.5
93982098,-1.43,175.9,4.1,12.21,1.8,4.5,23.4
94159088,-1.42,175.7,4.1,12.24,1.9,4.5,24.5
94336080,-1.42,175.54,4.1,12.3,1.9,4.5,25.4
94513070,-1.41,175.34,4.1,12.36,2,4.5,26.5
94690060,-1.4,175.17,4,12.45,2.1,4.5,27.5
94867052,-1.39,174.93,4,12.5,2.2,4.6,28.8
95044042,-1.4,174.73,4,12.42,2.3,4.6,29.5
95221032,-1.4,174.55,4,12.46,2.4,4.7,30.5
95398024,-1.39,174.36,4,12.52,2.4,4.7,31.4
95575014,-1.39,174.2,4,12.55,2.5,4.7,32.2
95752004,-1.39,173.99,4,12.57,2.6,4.8,33.2
95928996,-1.38,173.9,4,12.64,2.6,4.8,33.7
96105986,-1.37,173.71,4,12.69,2.7,4.8,34.6
96282976,-1.37,173.51,3.9,12.7,2.8,4.8,35.5
96459968,-1.38,173.29,4,12.62,2.9,4.9,36.2
96636958,-1.38,173.19,4,12.6,3,5,36.6
96813948,-1.37,172.97,4,12.67,3.1,5,37.6
96990940,-1.37,172.75,4,12.7,3.1,5.1,38.5
97167930,-1.37,172.61,3.9,12.71,3.2,5.1,39.1
97344920,-1.37,172.45,4,12.68,3.3,5.1,39.6
97521912,-1.36,172.25,3.9,12.77,3.4,5.2,40.5
97698902,-1.36,172.1,3.9,12.76,3.4,5.2,41.1
97875892,-1.36,171.85,3.9,12.75,3.5,5.3,41.9
98052884,-1.36,171.68,3.9,12.79,3.6,5.3,42.6
98229874,-1.38,171.49,4,12.64,3.7,5.4,42.9
98406864,-1.39,171.37,4,12.55,3.7,5.5,43.1
98583856,-1.39,171.18,4,12.57,3.8,5.5,43.8
98760846,-1.38,170.95,4,12.61,3.9,5.6,44.6
98937836,-1.39,170.85,4,12.55,4,5.6,44.8
99114828,-1.39,170.66,4,12.55,4.1,5.7,45.3
99291818,-1.39,170.48,4,12.53,4.1,5.8,45.8
99468808,-1.4,170.29,4.1,12.42,4.2,5.9,46.2
99645800,-1.41,170.1,4.1,12.37,4.3,5.9,46.6
99822790,-1.41,169.92,4.1,12.32,4.4,6,47
99999780,-1.42,169.66,4.1,12.27,4.5,6.1,47.6
100176772,-1.43,169.49,4.1,12.21,4.6,6.2,47.9
100353762,-1.43,169.36,4.1,12.2,4.6,6.2,48.2
100530752,-1.45,169.17,4.2,12.05,4.7,6.3,48.3
100707744,-1.46,169.01,4.2,11.94,4.8,6.4,48.5
100884734,-1.47,168.92,4.3,11.84,4.8,6.4,48.5
101061724,-1.49,168.77,4.3,11.7,4.9,6.5,48.5
101238716,-1.49,168.55,4.3,11.66,5,6.6,49
101415706,-1.51,168.39,4.4,11.55,5,6.7,49.1
101592696,-1.53,168.27,4.4,11.37,5.1,6.8,48.9
101769688,-1.55,168.15,4.5,11.21,5.1,6.8,48.8
101946678,-1.57,168,4.6,11.08,5.2,6.9,48.8
102123668,-1.58,167.91,4.6,11.04,5.2,7,48.9
102300660,-1.59,167.73,4.6,10.93,5.3,7.1,49
102477650,-1.61,167.66,4.7,10.81,5.4,7.1,48.9
102654640,-1.64,167.63,4.8,10.61,5.4,7.2,48.4
102831632,-1.65,167.47,4.8,10.57,5.4,7.2,48.7
103008622,-1.68,167.5,4.9,10.39,5.4,7.3,48.1
103185612,-1.69,167.47,4.9,10.29,5.4,7.3,47.9
103362604,-1.71,167.41,5,10.2,5.5,7.4,47.8
103539594,-1.73,167.36,5,10.09,5.5,7.4,47.5
103716584,-1.73,167.3,5,10.07,5.5,7.5,47.6
103893576,-1.74,167.32,5.1,10,5.5,7.5,47.4
104070566,-1.76,167.26,5.1,9.88,5.5,7.5,47.2
104247556,-1.77,167.3,5.1,9.87,5.5,7.5,47.1
104424548,-1.77,167.27,5.2,9.82,5.5,7.6,47
104601538,-1.78,167.35,5.2,9.81,5.5,7.5,46.8
104778528,-1.79,167.34,5.2,9.75,5.5,7.6,46.6
104955520,-1.79,167.38,5.2,9.73,5.5,7.5,46.4
105132510,-1.78,167.5,5.2,9.78,5.4,7.5,46.3
105309500,-1.79,167.5,5.2,9.75,5.4,7.5,46.2
105486492,-1.78,167.55,5.2,9.78,5.4,7.5,46.2
105663482,-1.78,167.53,5.2,9.82,5.4,7.5,46.4
105840472,-1.76,167.5,5.1,9.89,5.4,7.5,46.7
106017464,-1.75,167.48,5.1,9.95,5.4,7.4,46.9
106194454,-1.74,167.48,5,10.05,5.4,7.4,47.1
106371444,-1.71,167.48,5,10.16,5.4,7.4,47.5
106548436,-1.7,167.42,4.9,10.24,5.5,7.4,47.8
106725426,-1.7,167.39,4.9,10.26,5.5,7.4,48
106902416,-1.68,167.35,4.9,10.4,5.5,7.3,48.4
107079408,-1.66,167.29,4.8,10.47,5.5,7.3,48.8
107256398,-1.65,167.19,4.8,10.59,5.6,7.3,49.3
107433388,-1.64,167.14,4.8,10.64,5.6,7.3,49.6
107610380,-1.62,167.11,4.7,10.74,5.6,7.3,49.9
107787370,-1.6,166.98,4.6,10.9,5.7,7.3,50.6
107964360,-1.59,166.88,4.6,10.98,5.7,7.3,51
108141352,-1.57,166.78,4.6,11.1,5.7,7.3,51.5
108318342,-1.55,166.66,4.5,11.23,5.8,7.3,52.1
108495332,-1.54,166.46,4.5,11.3,5.9,7.4,52.7
108672324,-1.53,166.37,4.5,11.36,5.9,7.4,53
108849314,-1.52,166.22,4.4,11.46,6,7.5,53.6
109026304,-1.51,166.03,4.4,11.55,6.1,7.5,54.1
109203296,-1.49,165.89,4.3,11.7,6.1,7.5,54.8
109380286,-1.48,165.7,4.3,11.73,6.2,7.6,55.2
109557276,-1.47,165.6,4.3,11.85,6.3,7.6,55.6
109734268,-1.46,165.55,4.3,11.91,6.3,7.6,55.9
109911258,-1.45,165.31,4.2,12.01,6.4,7.7,56.5
110088248,-1.45,165.2,4.2,12,6.4,7.7,56.7
110265240,-1.43,165.05,4.2,12.15,6.5,7.7,57.3
110442230,-1.43,164.82,4.2,12.19,6.6,7.8,57.8
110619220,-1.43,164.68,4.2,12.18,6.7,7.9,58
110796212,-1.42,164.56,4.2,12.25,6.7,7.9,58.3
110973202,-1.42,164.44,4.1,12.27,6.8,8,58.5
111150192,-1.41,164.19,4.1,12.38,6.9,8,59.2
111327184,-1.4,164.06,4.1,12.47,7,8.1,59.6
111504174,-1.39,163.93,4.1,12.5,7,8.1,59.8
111681164,-1.4,163.69,4.1,12.47,7.1,8.2,60.1
111858156,-1.39,163.64,4.1,12.56,7.1,8.2,60.4
112035146,-1.39,163.45,4.1,12.55,7.2,8.3,60.6
112212136,-1.38,163.27,4.1,12.59,7.3,8.4,61
112389128,-1.38,163.03,4,12.62,7.4,8.4,61.4
112566118,-1.38,162.93,4.1,12.59,7.5,8.5,61.4
112743108,-1.37,162.72,4,12.66,7.5,8.6,61.8
112920100,-1.38,162.67,4.1,12.63,7.6,8.6,61.9
113097090,-1.37,162.43,4,12.68,7.7,8.7,62.3
113274080,-1.38,162.34,4,12.66,7.7,8.7,62.3
113451072,-1.38,162.3,4.1,12.63,7.7,8.7,62.3
113628062,-1.37,162.02,4,12.73,7.9,8.8,62.9
113805052,-1.37,161.8,4,12.7,8,8.9,63.1
113982044,-1.37,161.57,4,12.73,8.1,9,63.4
114159034,-1.36,161.52,4,12.82,8.1,9,63.6
114336024,-1.36,161.32,4,12.76,8.2,9.1,63.8
114513016,-1.36,161.21,4,12.84,8.2,9.1,64.1
114690006,-1.36,161.15,4,12.8,8.2,9.2,64.1
114866996,-1.36,160.92,4,12.79,8.4,9.3,64.3
115043988,-1.36,160.77,4,12.82,8.4,9.3,64.5
115220978,-1.35,160.68,4,12.88,8.5,9.4,64.7
115397968,-1.36,160.51,4,12.83,8.5,9.4,64.8
115574960,-1.35,160.34,4,12.91,8.6,9.5,65.1
115751950,-1.34,160.23,4,12.95,8.7,9.5,65.3
115928940,-1.36,160.01,4,12.81,8.8,9.6,65.3
116105932,-1.35,159.82,4,12.9,8.8,9.7,65.7
116282922,-1.36,159.64,4,12.84,8.9,9.8,65.8
116459912,-1.36,159.49,4,12.81,9,9.9,65.8
116636904,-1.36,159.32,4,12.84,9.1,9.9,66.1
116813894,-1.35,159.2,4,12.85,9.1,10,66.2
116990884,-1.36,159.05,4,12.8,9.2,10,66.3
117167876,-1.34,158.88,4,12.95,9.3,10.1,66.7
117344866,-1.35,158.78,4,12.89,9.3,10.1,66.7
117521856,-1.35,158.7,4,12.9,9.3,10.2,66.8
117698848,-1.35,158.5,4,12.93,9.4,10.2,67
117875838,-1.34,158.25,4,12.98,9.5,10.3,67.3
118052828,-1.35,158.15,4,12.87,9.6,10.4,67.2
118229820,-1.35,158.01,4,12.87,9.7,10.5,67.3
118406810,-1.34,157.79,4,12.95,9.8,10.5,67.7
118583800,-1.36,157.69,4.1,12.81,9.8,10.6,67.5
118760792,-1.35,157.53,4,12.92,9.9,10.7,67.8
118937782,-1.36,157.28,4.1,12.84,10,10.8,67.9
119114772,-1.36,157.14,4.1,12.77,10,10.8,67.9
119291764,-1.35,157.05,4,12.86,10.1,10.9,68.1
119468754,-1.34,156.81,4,12.99,10.2,11,68.5
119645744,-1.36,156.66,4.1,12.8,10.3,11,68.4
119822736,-1.36,156.47,4.1,12.77,10.3,11.1,68.5
119999726,-1.36,156.33,4.1,12.83,10.4,11.2,68.7
120176716,-1.38,156.19,4.1,12.65,10.5,11.3,68.5
120353708,-1.36,156.07,4.1,12.77,10.5,11.3,68.8
120530698,-1.39,155.87,4.2,12.56,10.6,11.4,68.6
120707688,-1.39,155.69,4.2,12.54,10.7,11.5,68.7
120884680,-1.39,155.52,4.2,12.51,10.8,11.6,68.8
121061670,-1.4,155.47,4.2,12.47,10.8,11.6,68.7
121238660,-1.4,155.32,4.2,12.41,10.9,11.7,68.8
121415652,-1.41,155.21,4.2,12.39,10.9,11.7,68.8
121592642,-1.41,155.12,4.2,12.36,11,11.7,68.8
121769632,-1.42,154.84,4.3,12.24,11.1,11.9,68.8
121946624,-1.42,154.77,4.3,12.27,11.1,11.9,68.9
122123614,-1.43,154.7,4.3,12.16,11.1,12,68.8
122300604,-1.43,154.51,4.3,12.15,11.2,12,68.9
122477596,-1.44,154.39,4.4,12.05,11.3,12.1,68.9
122654586,-1.46,154.25,4.4,11.92,11.3,12.2,68.7
122831576,-1.46,154.18,4.4,11.91,11.4,12.2,68.8
123008568,-1.47,154,4.5,11.82,11.5,12.3,68.8
123185558,-1.48,154.02,4.5,11.76,11.4,12.3,68.6
123362548,-1.48,153.91,4.5,11.79,11.5,12.3,68.8
123539540,-1.48,153.9,4.5,11.73,11.5,12.3,68.7
123716530,-1.49,153.76,4.5,11.65,11.6,12.4,68.6
123893520,-1.49,153.7,4.5,11.67,11.6,12.4,68.7
124070512,-1.49,153.65,4.5,11.72,11.6,12.5,68.8
124247502,-1.48,153.62,4.5,11.73,11.6,12.5,68.9
124424492,-1.48,153.49,4.5,11.77,11.7,12.5,69
124601484,-1.47,153.42,4.4,11.86,11.7,12.5,69.2
124778474,-1.47,153.41,4.4,11.88,11.7,12.5,69.2
124955464,-1.46,153.28,4.4,11.95,11.8,12.6,69.5
125132456,-1.46,153.25,4.4,11.93,11.8,12.6,69.4
125309446,-1.46,153.15,4.4,11.93,11.8,12.6,69.5
125486436,-1.46,153.03,4.4,11.91,11.9,12.7,69.6
125663428,-1.46,152.96,4.4,11.94,11.9,12.7,69.7
125840418,-1.44,152.86,4.4,12.07,12,12.8,69.9
126017408,-1.43,152.6,4.3,12.2,12.1,12.9,70.3
126194400,-1.42,152.59,4.3,12.25,12.1,12.9,70.4
126371390,-1.42,152.38,4.3,12.3,12.2,12.9,70.5
126548380,-1.4,152.35,4.3,12.42,12.2,12.9,70.7
126725372,-1.39,152.19,4.2,12.53,12.3,13,71
126902362,-1.4,152.13,4.3,12.45,12.3,13,70.9
127079352,-1.38,151.87,4.2,12.58,12.4,13.1,71.3
127256344,-1.37,151.65,4.2,12.71,12.5,13.2,71.6
127433334,-1.36,151.71,4.2,12.75,12.5,13.2,71.6
127610324,-1.37,151.5,4.2,12.67,12.6,13.3,71.6
127787316,-1.37,151.4,4.2,12.73,12.7,13.3,71.7
127964306,-1.37,151.11,4.2,12.71,12.8,13.5,71.9
128141296,-1.35,151.09,4.1,12.93,12.8,13.5,72.1
128318288,-1.33,150.78,4.1,13.07,13,13.6,72.5
128495278,-1.34,150.81,4.1,13.02,12.9,13.6,72.4
128672268,-1.33,150.47,4.1,13.13,13.1,13.7,72.7
128849260,-1.33,150.44,4.1,13.04,13.1,13.7,72.6
129026250,-1.33,150.32,4.1,13.06,13.2,13.8,72.7
129203240,-1.32,149.98,4.1,13.14,13.3,13.9,73
129380232,-1.32,149.93,4.1,13.22,13.3,13.9,73.1
129557222,-1.31,149.81,4,13.33,13.4,14,73.3
129734212,-1.31,149.55,4,13.33,13.5,14.1,73.4
129911204,-1.3,149.43,4,13.34,13.6,14.2,73.5
130088194,-1.3,149.36,4,13.35,13.6,14.2,73.5
130265184,-1.3,149.17,4,13.34,13.7,14.3,73.6
130442176,-1.3,148.94,4,13.35,13.8,14.4,73.7
130619166,-1.3,148.85,4,13.34,13.9,14.4,73.8
130796156,-1.3,148.67,4,13.38,13.9,14.5,73.9
130973148,-1.29,148.57,4,13.49,14,14.5,74
131150138,-1.29,148.43,4,13.51,14,14.6,74.1
131327128,-1.29,148.28,4,13.5,14.1,14.7,74.2
131504120,-1.29,148.06,4,13.54,14.2,14.8,74.3
131681110,-1.28,147.94,4,13.58,14.3,14.8,74.4
131858100,-1.27,147.86,4,13.66,14.3,14.9,74.5
132035092,-1.28,147.67,4,13.59,14.4,14.9,74.5
132212082,-1.28,147.57,4,13.58,14.5,15,74.6
132389072,-1.28,147.41,4,13.59,14.5,15.1,74.6
132566064,-1.27,147.13,4,13.72,14.7,15.2,74.9
132743054,-1.26,147.05,3.9,13.81,14.7,15.2,75
132920044,-1.26,146.91,3.9,13.78,14.8,15.3,75
133097036,-1.26,146.7,3.9,13.83,14.9,15.4,75.2
133274026,-1.27,146.58,4,13.73,14.9,15.4,75.1
133451016,-1.26,146.49,4,13.8,15,15.5,75.2
133628008,-1.26,146.33,4,13.79,15,15.6,75.3
133804998,-1.25,146.09,3.9,13.89,15.2,15.7,75.5
133981988,-1.27,145.95,4,13.72,15.2,15.7,75.3
134158980,-1.26,145.8,4,13.81,15.3,15.8,75.5
134335970,-1.28,145.59,4,13.63,15.4,15.9,75.4
134512960,-1.27,145.5,4,13.7,15.4,15.9,75.5
134689952,-1.26,145.29,4,13.79,15.5,16,75.6
134866942,-1.25,145.15,4,13.89,15.6,16.1,75.8
135043932,-1.26,145.08,4,13.87,15.6,16.1,75.8
135220924,-1.25,144.93,4,13.9,15.7,16.2,75.9
135397914,-1.24,144.79,3.9,13.98,15.8,16.3,76
135574904,-1.25,144.61,4,13.89,15.9,16.3,76
135751896,-1.25,144.51,3.9,13.97,15.9,16.4,76.1
135928886,-1.26,144.37,4,13.82,16,16.5,76
136105876,-1.25,144.13,4,13.95,16.1,16.6,76.2
136282868,-1.25,144,4,13.93,16.2,16.6,76.2
136459858,-1.26,143.78,4,13.85,16.3,16.7,76.2
136636848,-1.25,143.66,4,13.9,16.3,16.8,76.3
136813840,-1.24,143.54,3.9,14.05,16.4,16.8,76.5
136990830,-1.24,143.41,4,14.02,16.4,16.9,76.5
137167820,-1.25,143.29,4,13.95,16.5,17,76.4
137344812,-1.25,143.03,4,13.97,16.6,17.1,76.5
137521802,-1.25,142.84,4,13.9,16.7,17.2,76.5
137698792,-1.24,142.72,4,14.04,16.8,17.2,76.7
137875784,-1.25,142.65,4,13.93,16.8,17.3,76.6
138052774,-1.24,142.41,4,14.04,16.9,17.4,76.8
138229764,-1.26,142.31,4,13.86,17,17.4,76.7
138406756,-1.26,142.22,4,13.86,17,17.5,76.7
138583746,-1.24,142.04,4,14.02,17.1,17.6,76.9
138760736,-1.24,141.88,4,14.01,17.2,17.6,76.9
138937728,-1.24,141.82,4,14,17.2,17.7,76.9
139114718,-1.23,141.57,4,14.13,17.3,17.8,77.1
139291708,-1.24,141.43,4,14.01,17.4,17.9,77
139468700,-1.24,141.32,4,14.08,17.5,17.9,77.1
139645690,-1.24,141,4,14.01,17.6,18.1,77.2
139822680,-1.24,141.04,4,14.04,17.6,18,77.2
139999672,-1.24,140.7,4,13.98,17.7,18.2,77.2
140176662,-1.24,140.55,4,13.98,17.8,18.3,77.2
140353652,-1.25,140.44,4,13.94,17.9,18.3,77.2
140530644,-1.23,140.28,4,14.14,18,18.4,77.5
140707634,-1.24,140.12,4,13.99,18,18.5,77.4
140884624,-1.25,139.97,4.1,13.97,18.1,18.6,77.4
141061616,-1.24,139.87,4,14.01,18.2,18.6,77.4
141238606,-1.25,139.69,4.1,13.87,18.2,18.7,77.4
141415596,-1.25,139.56,4.1,13.87,18.3,18.8,77.4
141592588,-1.24,139.35,4.1,14.01,18.4,18.9,77.6
141769578,-1.24,139.34,4,14.06,18.4,18.9,77.6
141946568,-1.25,139.22,4.1,13.91,18.5,18.9,77.5
142123560,-1.24,139.08,4.1,14.03,18.5,19,77.7
142300550,-1.25,138.88,4.1,13.91,18.6,19.1,77.6
142477540,-1.25,138.74,4.1,13.87,18.7,19.2,77.6
142654532,-1.26,138.43,4.1,13.82,18.9,19.3,77.6
142831522,-1.26,138.37,4.1,13.84,18.9,19.3,77.7
143008512,-1.25,138.25,4.1,13.88,19,19.4,77.7
143185504,-1.26,138.13,4.1,13.81,19,19.5,77.7
143362494,-1.27,138.03,4.2,13.71,19.1,19.5,77.6
143539484,-1.26,137.93,4.1,13.83,19.1,19.6,77.8
143716476,-1.28,137.79,4.2,13.57,19.2,19.6,77.6
143893466,-1.28,137.74,4.2,13.62,19.2,19.7,77.6
144070456,-1.28,137.57,4.2,13.64,19.3,19.7,77.7
144247448,-1.29,137.34,4.3,13.54,19.4,19.9,77.6
144424438,-1.27,137.31,4.2,13.73,19.4,19.9,77.8
144601428,-1.27,137.05,4.2,13.72,19.6,20,77.9
144778420,-1.27,137.01,4.2,13.72,19.6,20,77.9
144955410,-1.26,136.99,4.2,13.78,19.6,20,77.9
145132400,-1.27,136.72,4.2,13.68,19.7,20.2,77.9
145309392,-1.27,136.58,4.2,13.74,19.8,20.2,78
145486382,-1.27,136.45,4.2,13.66,19.8,20.3,77.9
145663372,-1.28,136.33,4.3,13.63,19.9,20.4,77.9
145840364,-1.28,136.13,4.3,13.57,20,20.5,77.9
146017354,-1.27,136.1,4.2,13.68,20,20.5,78
146194344,-1.26,135.84,4.2,13.78,20.2,20.6,78.2
146371336,-1.27,135.7,4.3,13.69,20.2,20.7,78.1
146548326,-1.26,135.49,4.2,13.8,20.3,20.8,78.3
146725316,-1.26,135.46,4.2,13.77,20.4,20.8,78.2
146902308,-1.24,135.29,4.2,14,20.4,20.9,78.5
147079298,-1.25,135.2,4.2,13.88,20.5,20.9,78.4
147256288,-1.25,135.42,4.2,13.89,20.4,20.8,78.4
147433280,-1.24,135.45,4.2,14.01,20.4,20.8,78.4
147610270,-1.25,135.24,4.2,13.97,20.5,20.9,78.5
147787260,-1.25,135.01,4.2,13.92,20.6,21,78.5
147964252,-1.26,134.8,4.2,13.84,20.7,21.1,78.4
148141242,-1.26,134.67,4.2,13.84,20.8,21.2,78.5
148318232,-1.26,134.55,4.2,13.86,20.8,21.2,78.5
148495224,-1.25,134.34,4.2,13.9,20.9,21.3,78.6
148672214,-1.25,134.14,4.2,13.92,21,21.4,78.6
148849204,-1.25,133.95,4.2,13.96,21.1,21.5,78.7
149026196,-1.26,133.85,4.3,13.83,21.2,21.6,78.6
149203186,-1.25,133.68,4.3,13.88,21.3,21.7,78.7
149380176,-1.23,133.43,4.2,14.17,21.4,21.8,78.9
149557168,-1.23,133.25,4.2,14.11,21.5,21.9,78.9
149734158,-1.25,133.11,4.2,13.97,21.6,22,78.9
149911148,-1.25,133,4.3,13.91,21.6,22,78.8
150088140,-1.25,132.79,4.3,13.94,21.7,22.1,78.9
150265130,-1.24,132.58,4.3,13.98,21.8,22.2,79
150442120,-1.26,132.48,4.3,13.86,21.9,22.3,78.9
150619112,-1.26,132.34,4.3,13.87,21.9,22.4,78.9
150796102,-1.25,132.15,4.3,13.97,22,22.5,79
150973092,-1.25,132.01,4.3,13.93,22.1,22.5,79
151150084,-1.25,131.86,4.3,13.9,22.2,22.6,79
151327074,-1.26,131.66,4.3,13.81,22.3,22.7,79
151504064,-1.26,131.51,4.3,13.82,22.4,22.8,79
151681056,-1.26,131.33,4.3,13.85,22.5,22.9,79.1
151858046,-1.26,131.04,4.4,13.86,22.6,23,79.1
152035036,-1.25,130.93,4.3,13.92,22.7,23.1,79.2
152212028,-1.24,130.89,4.3,14,22.7,23.1,79.2
152389018,-1.26,130.63,4.4,13.8,22.8,23.3,79.1
152566008,-1.27,130.41,4.4,13.73,22.9,23.4,79.1
152743000,-1.26,130.23,4.4,13.8,23,23.5,79.2
152919990,-1.25,130.08,4.4,13.89,23.1,23.5,79.3
153096980,-1.25,129.91,4.4,13.93,23.2,23.6,79.3
153273972,-1.26,129.67,4.4,13.86,23.3,23.8,79.3
153450962,-1.26,129.55,4.4,13.82,23.4,23.8,79.3
153627952,-1.26,129.44,4.4,13.79,23.5,23.9,79.3
153804944,-1.27,129.29,4.5,13.69,23.5,24,79.3
153981934,-1.27,129.11,4.5,13.71,23.6,24.1,79.3
154158924,-1.26,128.92,4.4,13.79,23.7,24.2,79.4
154335916,-1.26,128.71,4.4,13.81,23.8,24.3,79.4
154512906,-1.27,128.56,4.5,13.71,23.9,24.3,79.4
154689896,-1.29,128.43,4.6,13.49,24,24.4,79.2
154866888,-1.28,128.23,4.5,13.58,24.1,24.5,79.3
155043878,-1.27,128.03,4.5,13.66,24.2,24.6,79.4
155220868,-1.28,127.92,4.5,13.63,24.3,24.7,79.4
155397860,-1.28,127.71,4.5,13.64,24.4,24.8,79.4
155574850,-1.28,127.5,4.6,13.62,24.5,24.9,79.5
155751840,-1.28,127.36,4.6,13.62,24.6,25,79.5
155928832,-1.28,127.24,4.6,13.58,24.6,25.1,79.5
156105822,-1.28,127.1,4.6,13.55,24.7,25.1,79.5
156282812,-1.28,126.82,4.6,13.56,24.9,25.3,79.5
156459804,-1.28,126.58,4.6,13.58,25,25.4,79.6
156636794,-1.29,126.43,4.6,13.52,25.1,25.5,79.5
156813784,-1.29,126.24,4.7,13.49,25.2,25.6,79.5
156990776,-1.29,126.05,4.7,13.45,25.3,25.7,79.5
157167766,-1.3,125.92,4.7,13.38,25.3,25.8,79.5
157344756,-1.3,125.74,4.7,13.4,25.4,25.9,79.5
157521748,-1.29,125.54,4.7,13.46,25.5,26,79.6
157698738,-1.31,125.37,4.8,13.29,25.6,26.1,79.5
157875728,-1.31,125.19,4.8,13.29,25.7,26.2,79.5
158052720,-1.29,125,4.7,13.45,25.8,26.3,79.7
158229710,-1.3,124.85,4.8,13.37,25.9,26.4,79.6
158406700,-1.31,124.67,4.8,13.3,26,26.5,79.6
158583692,-1.31,124.42,4.8,13.3,26.2,26.6,79.6
158760682,-1.32,124.28,4.9,13.15,26.2,26.7,79.5
158937672,-1.34,124.16,4.9,13.02,26.3,26.8,79.4
159114664,-1.32,123.96,4.9,13.14,26.4,26.9,79.5
159291654,-1.32,123.83,4.9,13.15,26.5,26.9,79.6
159468644,-1.33,123.73,4.9,13.11,26.5,27,79.5
159645636,-1.33,123.48,4.9,13.12,26.7,27.1,79.6
159822626,-1.32,123.17,4.9,13.14,26.8,27.3,79.6
159999616,-1.32,122.83,4.9,13.22,27,27.5,79.7
160176608,-1.33,122.67,5,13.07,27.1,27.6,79.6
160353598,-1.34,122.56,5,12.95,27.2,27.6,79.6
160530588,-1.34,122.43,5,13,27.3,27.7,79.6
160707580,-1.34,122.32,5,12.96,27.3,27.8,79.6
160884570,-1.35,122.16,5.1,12.88,27.4,27.9,79.5
161061560,-1.35,121.86,5.1,12.92,27.6,28,79.6
161238552,-1.35,121.64,5.1,12.9,27.7,28.2,79.6
161415542,-1.36,121.49,5.1,12.79,27.8,28.2,79.5
161592532,-1.36,121.26,5.1,12.81,27.9,28.4,79.6
161769524,-1.36,121.03,5.1,12.82,28,28.5,79.6
161946514,-1.36,120.83,5.2,12.78,28.2,28.6,79.6
162123504,-1.37,120.56,5.2,12.69,28.3,28.8,79.6
162300496,-1.38,120.34,5.3,12.61,28.4,28.9,79.5
162477486,-1.39,120.32,5.3,12.56,28.4,28.9,79.5
162654476,-1.39,120.15,5.3,12.55,28.5,29,79.5
162831468,-1.39,119.9,5.3,12.56,28.7,29.2,79.5
163008458,-1.39,119.76,5.3,12.5,28.8,29.3,79.5
163185448,-1.4,119.56,5.4,12.43,28.9,29.4,79.5
163362440,-1.41,119.32,5.4,12.36,29,29.5,79.4
163539430,-1.41,119.08,5.4,12.38,29.1,29.6,79.5
163716420,-1.4,118.85,5.4,12.42,29.3,29.8,79.5
163893412,-1.4,118.63,5.4,12.45,29.4,29.9,79.6
164070402,-1.4,118.53,5.4,12.4,29.5,30,79.5
164247392,-1.41,118.4,5.5,12.32,29.5,30,79.5
164424384,-1.43,118.15,5.6,12.17,29.7,30.2,79.4
164601374,-1.44,117.94,5.6,12.13,29.8,30.3,79.4
164778364,-1.44,117.78,5.6,12.13,29.9,30.4,79.4
164955356,-1.43,117.6,5.6,12.18,30,30.5,79.4
165132346,-1.43,117.41,5.6,12.21,30.1,30.6,79.5
165309336,-1.42,117.18,5.6,12.25,30.3,30.8,79.5
165486328,-1.42,116.89,5.6,12.26,30.4,30.9,79.6
165663318,-1.43,116.65,5.6,12.21,30.6,31.1,79.5
165840308,-1.43,116.55,5.7,12.15,30.6,31.1,79.5
166017300,-1.44,116.39,5.7,12.13,30.7,31.2,79.5
166194290,-1.44,116.18,5.7,12.12,30.8,31.4,79.5
166371280,-1.45,115.9,5.8,12.02,31,31.5,79.4
166548272,-1.46,115.64,5.8,11.97,31.2,31.7,79.4
166725262,-1.46,115.44,5.8,11.94,31.3,31.8,79.4
166902252,-1.46,115.28,5.9,11.93,31.4,31.9,79.4
167079244,-1.47,115.11,5.9,11.87,31.5,32,79.4
167256234,-1.48,114.87,6,11.73,31.6,32.2,79.3
167433224,-1.49,114.71,6,11.69,31.7,32.3,79.3
167610216,-1.49,114.52,6,11.67,31.8,32.4,79.3
167787206,-1.5,114.23,6.1,11.64,32,32.6,79.2
167964196,-1.49,113.99,6.1,11.68,32.1,32.7,79.3
168141188,-1.48,113.79,6,11.77,32.3,32.8,79.4
168318178,-1.48,113.61,6.1,11.77,32.4,32.9,79.4
168495168,-1.48,113.4,6.1,11.75,32.5,33.1,79.4
168672160,-1.49,113.15,6.1,11.72,32.7,33.2,79.4
168849150,-1.48,113.01,6.1,11.74,32.7,33.3,79.4
169026140,-1.48,112.8,6.1,11.77,32.9,33.4,79.5
169203132,-1.48,112.45,6.1,11.8,33.1,33.7,79.5
169380122,-1.48,112.24,6.1,11.81,33.2,33.8,79.6
169557112,-1.48,112.07,6.2,11.78,33.3,33.9,79.5
169734104,-1.5,111.82,6.3,11.59,33.5,34.1,79.4
169911094,-1.51,111.63,6.3,11.52,33.6,34.2,79.3
170088084,-1.51,111.47,6.3,11.52,33.7,34.3,79.4
170265076,-1.52,111.26,6.4,11.49,33.8,34.4,79.3
170442066,-1.52,111.03,6.4,11.45,34,34.6,79.3
170619056,-1.53,110.8,6.5,11.38,34.1,34.7,79.3
170796048,-1.53,110.55,6.5,11.35,34.3,34.9,79.3
170973038,-1.54,110.33,6.5,11.34,34.4,35,79.3
171150028,-1.52,110.12,6.5,11.46,34.5,35.1,79.4
171327020,-1.53,109.87,6.5,11.41,34.7,35.3,79.4
171504010,-1.54,109.63,6.6,11.29,34.8,35.5,79.3
171681000,-1.55,109.45,6.6,11.24,34.9,35.6,79.2
171857992,-1.55,109.24,6.7,11.2,35.1,35.7,79.2
172034982,-1.56,108.96,6.7,11.14,35.3,35.9,79.2
172211972,-1.57,108.73,6.8,11.08,35.4,36,79.1
172388964,-1.57,108.48,6.8,11.1,35.6,36.2,79.2
172565954,-1.55,108.2,6.8,11.24,35.8,36.4,79.3
172742944,-1.55,108.06,6.8,11.25,35.9,36.5,79.3
172919936,-1.55,107.9,6.8,11.22,36,36.6,79.3
173096926,-1.57,107.56,6.9,11.12,36.2,36.8,79.2
173273916,-1.57,107.34,6.9,11.12,36.3,37,79.2
173450908,-1.56,107.17,6.9,11.16,36.4,37.1,79.3
173627898,-1.56,106.89,6.9,11.13,36.6,37.3,79.3
173804888,-1.56,106.64,6.9,11.17,36.8,37.4,79.3
173981880,-1.54,106.43,6.9,11.28,36.9,37.6,79.5
174158870,-1.57,106.23,7,11.06,37,37.7,79.2
174335860,-1.6,105.97,7.1,10.92,37.2,37.9,79.1
174512852,-1.59,105.57,7.1,10.98,37.5,38.2,79.2
174689842,-1.58,105.28,7.1,11.05,37.7,38.3,79.3
174866832,-1.57,105.04,7.1,11.09,37.8,38.5,79.3
175043824,-1.59,104.84,7.2,10.98,38,38.6,79.2
175220814,-1.6,104.62,7.3,10.92,38.1,38.8,79.2
175397804,-1.6,104.37,7.3,10.91,38.3,39,79.2
175574796,-1.6,104.08,7.3,10.92,38.5,39.2,79.2
175751786,-1.6,103.86,7.4,10.91,38.6,39.3,79.2
175928776,-1.6,103.7,7.4,10.89,38.7,39.4,79.2
176105768,-1.6,103.48,7.4,10.87,38.9,39.6,79.2
176282758,-1.61,103.19,7.5,10.82,39.1,39.8,79.2
176459748,-1.62,102.89,7.5,10.77,39.3,40,79.1
176636740,-1.61,102.68,7.5,10.81,39.4,40.2,79.2
176813730,-1.6,102.48,7.5,10.87,39.6,40.3,79.2
176990720,-1.62,102.17,7.6,10.77,39.8,40.5,79.2
177167712,-1.62,101.88,7.7,10.78,40,40.7,79.2
177344702,-1.61,101.66,7.7,10.81,40.2,40.9,79.2
177521692,-1.63,101.39,7.8,10.68,40.3,41.1,79.1
177698684,-1.64,101.11,7.8,10.65,40.5,41.3,79.1
177875674,-1.62,100.78,7.8,10.74,40.8,41.5,79.2
178052664,-1.62,100.6,7.8,10.74,40.9,41.6,79.2
178229656,-1.62,100.41,7.9,10.72,41,41.8,79.2
178406646,-1.63,100.1,7.9,10.72,41.3,42,79.2
178583636,-1.62,99.82,7.9,10.77,41.5,42.2,79.2
178760628,-1.61,99.55,7.9,10.84,41.7,42.4,79.3
178937618,-1.61,99.3,7.9,10.79,41.9,42.6,79.3
179114608,-1.63,99.07,8,10.71,42,42.8,79.2
179291600,-1.64,98.84,8.1,10.6,42.2,42.9,79.1
179468590,-1.63,98.64,8.1,10.69,42.3,43.1,79.2
179645580,-1.62,98.4,8.1,10.73,42.5,43.3,79.2
179822572,-1.64,98.09,8.2,10.64,42.7,43.5,79.2
179999562,-1.64,97.84,8.2,10.62,42.9,43.7,79.1
180176552,-1.63,97.6,8.2,10.66,43.1,43.9,79.2
180353544,-1.61,97.34,8.2,10.79,43.3,44.1,79.3
180530534,-1.63,97.06,8.3,10.68,43.5,44.3,79.2
180707524,-1.67,96.8,8.5,10.46,43.7,44.5,79
180884516,-1.65,96.51,8.4,10.56,43.9,44.7,79.1
181061506,-1.64,96.23,8.4,10.61,44.1,44.9,79.2
181238496,-1.65,95.95,8.5,10.59,44.3,45.1,79.2
181415488,-1.67,95.74,8.6,10.45,44.5,45.3,79
181592478,-1.68,95.51,8.7,10.39,44.6,45.5,79
181769468,-1.65,95.11,8.6,10.57,45,45.8,79.1
181946460,-1.65,94.88,8.7,10.55,45.2,46,79.1
182123450,-1.67,94.69,8.8,10.44,45.3,46.1,79
182300440,-1.67,94.5,8.8,10.45,45.4,46.3,79
182477432,-1.66,94.31,8.8,10.47,45.6,46.4,79.1
182654422,-1.66,94.11,8.8,10.49,45.8,46.6,79.1
182831412,-1.66,93.68,8.9,10.5,46.1,46.9,79.1
183008404,-1.66,93.32,9,10.47,46.4,47.2,79.1
183185394,-1.67,93.09,9,10.41,46.6,47.4,79
183362384,-1.66,92.81,9,10.48,46.8,47.6,79.1
183539376,-1.65,92.54,9,10.55,47,47.9,79.2
183716366,-1.66,92.28,9.1,10.49,47.2,48.1,79.1
183893356,-1.66,92.02,9.1,10.49,47.4,48.3,79.1
184070348,-1.66,91.75,9.2,10.51,47.7,48.5,79.1
184247338,-1.67,91.42,9.3,10.45,47.9,48.8,79.1
184424328,-1.67,91.17,9.3,10.42,48.1,49,79
184601320,-1.67,91.01,9.4,10.41,48.2,49.1,79
184778310,-1.68,90.71,9.4,10.39,48.5,49.4,79
184955300,-1.67,90.39,9.4,10.42,48.8,49.7,79
185132292,-1.65,90.01,9.4,10.55,49.1,50,79.2
185309282,-1.66,89.77,9.5,10.51,49.3,50.2,79.1
185486272,-1.67,89.55,9.6,10.45,49.5,50.4,79.1
185663264,-1.66,89.25,9.5,10.52,49.7,50.6,79.1
185840254,-1.66,88.96,9.6,10.51,50,50.9,79.1
186017244,-1.67,88.7,9.7,10.46,50.2,51.1,79.1
186194236,-1.68,88.4,9.8,10.4,50.4,51.4,79
186371226,-1.67,88.15,9.8,10.41,50.7,51.6,79
186548216,-1.66,87.93,9.8,10.51,50.9,51.8,79.1
186725208,-1.66,87.56,9.8,10.51,51.2,52.1,79.1
186902198,-1.67,87.23,10,10.43,51.5,52.4,79
187079188,-1.69,87.03,10.1,10.32,51.6,52.6,78.9
187256180,-1.68,86.73,10.1,10.38,51.9,52.9,79
187433170,-1.66,86.4,10,10.53,52.2,53.2,79.1
187610160,-1.65,86.14,10.1,10.54,52.5,53.4,79.1
187787152,-1.65,85.92,10.1,10.56,52.7,53.6,79.2
187964142,-1.65,85.75,10.1,10.56,52.8,53.8,79.2
188141132,-1.66,85.44,10.2,10.5,53.1,54.1,79.1
188318124,-1.66,85.08,10.3,10.5,53.4,54.4,79.1
188495114,-1.65,84.64,10.3,10.57,53.8,54.8,79.1
188672104,-1.64,84.34,10.3,10.63,54.1,55.1,79.2
188849096,-1.63,84.08,10.3,10.67,54.4,55.4,79.2
189026086,-1.65,83.87,10.5,10.55,54.6,55.6,79.1
189203076,-1.66,83.58,10.6,10.51,54.8,55.8,79.1
189380068,-1.66,83.26,10.7,10.5,55.1,56.1,79
189557058,-1.66,83.08,10.7,10.52,55.3,56.3,79.1
189734048,-1.65,82.8,10.7,10.58,55.6,56.6,79.1
189911040,-1.63,82.42,10.6,10.71,56,57,79.2
190088030,-1.63,82.11,10.7,10.66,56.2,57.3,79.2
190265020,-1.64,81.8,10.9,10.62,56.5,57.6,79.1
190442012,-1.64,81.49,10.9,10.63,56.8,57.9,79.1
190619002,-1.64,81.32,11,10.61,57,58.1,79.1
190795992,-1.65,81.15,11,10.59,57.2,58.2,79.1
190972984,-1.65,80.81,11.1,10.56,57.5,58.6,79
191149974,-1.64,80.46,11.2,10.61,57.9,58.9,79.1
191326964,-1.63,80.12,11.2,10.69,58.2,59.3,79.2
191503956,-1.63,79.78,11.3,10.67,58.6,59.6,79.1
191680946,-1.64,79.48,11.4,10.63,58.8,59.9,79.1
191857936,-1.64,79.2,11.4,10.65,59.1,60.2,79.1
192034928,-1.63,78.92,11.4,10.67,59.4,60.5,79.1
192211918,-1.63,78.63,11.5,10.69,59.7,60.8,79.1
192388908,-1.63,78.32,11.6,10.69,60.1,61.2,79.1
192565900,-1.63,78.09,11.7,10.67,60.3,61.4,79.1
192742890,-1.63,77.88,11.7,10.67,60.5,61.6,79.1
192919880,-1.61,77.57,11.6,10.84,60.9,62,79.2
193096872,-1.6,77.3,11.6,10.89,61.2,62.3,79.2
193273862,-1.61,77.04,11.8,10.81,61.4,62.6,79.2
193450852,-1.62,76.82,11.9,10.78,61.7,62.8,79.1
193627844,-1.61,76.57,11.9,10.82,62,63.1,79.2
193804834,-1.6,76.23,11.9,10.89,62.3,63.5,79.2
193981824,-1.6,75.82,12,10.88,62.8,63.9,79.2
194158816,-1.61,75.4,12.2,10.84,63.2,64.4,79.1
194335806,-1.62,75.14,12.3,10.78,63.5,64.7,79
194512796,-1.61,74.91,12.3,10.84,63.8,65,79.1
194689788,-1.59,74.69,12.2,10.96,64.1,65.2,79.2
194866778,-1.59,74.31,12.3,10.99,64.5,65.7,79.2
195043768,-1.58,73.98,12.3,11.03,64.9,66.1,79.2
195220760,-1.57,73.69,12.4,11.1,65.2,66.4,79.3
195397750,-1.58,73.38,12.6,11,65.6,66.8,79.2
195574740,-1.6,73.12,12.7,10.9,65.8,67.1,79.1
195751732,-1.61,72.96,12.8,10.84,66,67.3,79
195928722,-1.6,72.66,12.9,10.91,66.4,67.6,79
196105712,-1.59,72.35,12.9,10.99,66.8,68,79.1
196282704,-1.58,72.12,12.9,10.99,67,68.3,79.1
196459694,-1.59,71.81,13,10.99,67.4,68.7,79.1
196636684,-1.58,71.47,13.1,10.99,67.8,69.1,79.1
196813676,-1.57,71.11,13.1,11.12,68.3,69.6,79.1
196990666,-1.56,70.8,13.1,11.19,68.7,70,79.2
197167656,-1.55,70.52,13.2,11.22,69.1,70.3,79.2
197344648,-1.56,70.2,13.3,11.19,69.5,70.7,79.2
197521638,-1.56,69.91,13.5,11.14,69.8,71.1,79.1
197698628,-1.56,69.7,13.5,11.15,70.1,71.4,79.1
197875620,-1.55,69.35,13.5,11.23,70.5,71.8,79.1
198052610,-1.54,68.98,13.6,11.31,71,72.3,79.2
198229600,-1.55,68.78,13.7,11.23,71.3,72.6,79.1
198406592,-1.55,68.53,13.8,11.21,71.6,72.9,79.1
198583582,-1.56,68.24,14,11.17,71.9,73.3,79
198760572,-1.56,67.88,14.1,11.18,72.4,73.8,79
198937564,-1.55,67.53,14.2,11.23,72.9,74.3,79
199114554,-1.54,67.21,14.2,11.32,73.4,74.7,79.1
199291544,-1.54,67,14.3,11.29,73.6,75,79
199468536,-1.54,66.76,14.4,11.29,73.9,75.3,79
199734022,-1.53,66.15,14.5,11.39,74.8,76.2,79.1
